FBD_tiplabel,renameSequencingData,Name.v3,nicheRecon,genus,gen_sect.abb
CTcrenata_F081_WC09_0,CTcrenata_F081_WC09,Castanea_crenata,Y,Castanea,CT
CTdentata_F039_WB12_0,CTdentata_F039_WB12,Castanea_dentata,Y,Castanea,CT
CThenryi_F080_WD01_0,CThenryi_F080_WD01,Castanea_henryi,Y,Castanea,CT
CTmollissima_SRR10199566_A_0,CTmollissima_SRR10199566_A,Castanea_mollissima,Y,Castanea,CT
CTozarkensis_F098_WA05_0,CTozarkensis_F098_WA05,Castanea_ozarkensis,Y,Castanea,CT
CTpumila_U02_WE11_0,CTpumila_U02_WE11,Castanea_pumila,Y,Castanea,CT
CTsativa_F102_WA11_0,CTsativa_F102_WA11,Castanea_sativa,Y,Castanea,CT
CTseguinii_F080_WD07_0,CTseguinii_F080_WD07,Castanea_seguinii,Y,Castanea,CT
CPannamensis_F097_WG03_0,CPannamensis_F097_WG03,Castanopsis_annamensis,Y,Castanopsis,CP
CPargentea_F097_WG05_0,CPargentea_F097_WG05,Castanopsis_argentea,Y,Castanopsis,CP
CPborneensis_F115_WH01_0,CPborneensis_F115_WH01,Castanopsis_borneensis,Y,Castanopsis,CP
CPcalathiformis_F080_WF09_0,CPcalathiformis_F080_WF09,Castanopsis_calathiformis,Y,Castanopsis,CP
CPcambodiana_F116_WG09_0,CPcambodiana_F116_WG09,Castanopsis_cambodiana,Y,Castanopsis,CP
CPcarlesii_F080_WF07_0,CPcarlesii_F080_WF07,Castanopsis_carlesii,Y,Castanopsis,CP
CPceratacantha_F081_WE11_0,CPceratacantha_F081_WE11,Castanopsis_ceratacantha,Y,Castanopsis,CP
CPchinensis_F080_WF10_0,CPchinensis_F080_WF10,Castanopsis_chinensis,Y,Castanopsis,CP
CPchunii_F080_WF11_0,CPchunii_F080_WF11,Castanopsis_chunii,Y,Castanopsis,CP
CPcrassifolia_F116_WG12_0,CPcrassifolia_F116_WG12,Castanopsis_crassifolia,Y,Castanopsis,CP
CPcuspidata_F006_WA12_0,CPcuspidata_F006_WA12,Castanopsis_cuspidata,Y,Castanopsis,CP
CPdelavayi_F080_WE01_0,CPdelavayi_F080_WE01,Castanopsis_delavayi,Y,Castanopsis,CP
CPdongchoensis_F098_WB02_0,CPdongchoensis_F098_WB02,Castanopsis_dongchoensis,Y,Castanopsis,CP
CPechinocarpa_F080_WD11_0,CPechinocarpa_F080_WD11,Castanopsis_echinocarpa,Y,Castanopsis,CP
CPeyrei_F080_WE03_0,CPeyrei_F080_WE03,Castanopsis_eyrei,Y,Castanopsis,CP
CPfaberi_F080_WE02_0,CPfaberi_F080_WE02,Castanopsis_faberi,Y,Castanopsis,CP
CPfargesii_F080_WD12_0,CPfargesii_F080_WD12,Castanopsis_fargesii,Y,Castanopsis,CP
CPferox_F081_WF07_0,CPferox_F081_WF07,Castanopsis_ferox,Y,Castanopsis,CP
CPfissa_F080_WG01_0,CPfissa_F080_WG01,Castanopsis_fissa,Y,Castanopsis,CP
CPfordii_F080_WF12_0,CPfordii_F080_WF12,Castanopsis_fordii,Y,Castanopsis,CP
CPfulva_F081_WF08_0,CPfulva_F081_WF08,Castanopsis_fulva,Y,Castanopsis,CP
CPhystrix_F080_WG04_0,CPhystrix_F080_WG04,Castanopsis_hystrix,Y,Castanopsis,CP
CPindica_F097_WF08_0,CPindica_F097_WF08,Castanopsis_indica,Y,Castanopsis,CP
CPjucunda_F081_WF09_0,CPjucunda_F081_WF09,Castanopsis_jucunda,Y,Castanopsis,CP
CPkawakamii_F097_WF09_0,CPkawakamii_F097_WF09,Castanopsis_kawakamii,Y,Castanopsis,CP
CPlamontii_F098_WH01_0,CPlamontii_F098_WH01,Castanopsis_lamontii,Y,Castanopsis,CP
CPlongipetiolata_F098_WG12_0,CPlongipetiolata_F098_WG12,Castanopsis_longipetiolata,Y,Castanopsis,CP
CPmekongensis_F081_WF11_0,CPmekongensis_F081_WF11,Castanopsis_mekongensis,Y,Castanopsis,CP
CPnephelioides_F116_WH10_0,CPnephelioides_F116_WH10,Castanopsis_nephelioides,Y,Castanopsis,CP
CPorthacantha_F097_WF10_0,CPorthacantha_F097_WF10,Castanopsis_orthacantha,Y,Castanopsis,CP
CPphilipensis_F097_WH04_0,CPphilipensis_F097_WH04,Castanopsis_philipensis,Y,Castanopsis,CP
CPpierrei_F098_WG11_0,CPpierrei_F098_WG11,Castanopsis_pierrei,Y,Castanopsis,CP
CPpiriformis_F098_WH09_0,CPpiriformis_F098_WH09,Castanopsis_piriformis,Y,Castanopsis,CP
CPsclerophylla_F098_WH02_0,CPsclerophylla_F098_WH02,Castanopsis_sclerophylla,Y,Castanopsis,CP
CPtibetana_F098_WH08_0,CPtibetana_F098_WH08,Castanopsis_tibetana,Y,Castanopsis,CP
CPwallichii_F098_WA06_0,CPwallichii_F098_WA06,Castanopsis_wallichii,Y,Castanopsis,CP
CHchrysophylla_trans_0,CHchrysophylla_trans,Chrysolepis_chrysophylla_var._minor,Y,Chrysolepis,CH
CHsempervirens_U03_WC08_0,CHsempervirens_U03_WC08,Chrysolepis_sempervirens,Y,Chrysolepis,CH
FAcrenata_SRR8607405_A_0,FAcrenata_SRR8607405_A,Fagus_crenata,Y,Fagus,FA
FAengleriana_F098_WG09_0,FAengleriana_F098_WG09,Fagus_engleriana,Y,Fagus,FA
FAgrandifolia_trans_0,FAgrandifolia_trans,Fagus_grandifolia,Y,Fagus,FA
FAjaponica_F098_WA04_0,FAjaponica_F098_WA04,Fagus_japonica,Y,Fagus,FA
FAlucida_trans_0,FAlucida_trans,Fagus_lucida,Y,Fagus,FA
FAorientalis_F097_WF11_0,FAorientalis_F097_WF11,Fagus_orientalis,Y,Fagus,FA
FAsylvatica_F097_WH12_0,FAsylvatica_F097_WH12,Fagus_sylvatica,Y,Fagus,FA
LPannamensis_P001_WB08_0,LPannamensis_P001_WB08,Lithocarpus_annamensis,Y,Lithocarpus,LP
LPbancanus_F098_WH05_0,LPbancanus_F098_WH05,Lithocarpus_bancanus,Y,Lithocarpus,LP
LPblumeanus_F097_WF04_0,LPblumeanus_F097_WF04,Lithocarpus_blumeanus,Y,Lithocarpus,LP
LPbraianensis_F116_WG06_0,LPbraianensis_F116_WG06,Lithocarpus_braianensis,Y,Lithocarpus,LP
LPbrassii_F105_WA06_0,LPbrassii_F105_WA06,Lithocarpus_brassii,Y,Lithocarpus,LP
LPbullatus_F097_WF03_0,LPbullatus_F097_WF03,Lithocarpus_bullatus,Y,Lithocarpus,LP
LPcalolepis_P001_WB09_0,LPcalolepis_P001_WB09,Lithocarpus_calolepis,Y,Lithocarpus,LP
LPcantleyanus_F094_WG04_0,LPcantleyanus_F094_WG04,Lithocarpus_cantleyanus,Y,Lithocarpus,LP
LPcelebicus_F104_WH12_0,LPcelebicus_F104_WH12,Lithocarpus_celebicus,Y,Lithocarpus,LP
LPcleistocarpus_F097_WH07_0,LPcleistocarpus_F097_WH07,Lithocarpus_cleistocarpus,Y,Lithocarpus,LP
LPconfinis_F118_WG04_0,LPconfinis_F118_WG04,Lithocarpus_confinis,Y,Lithocarpus,LP
LPcorneus_P001_WB10_0,LPcorneus_P001_WB10,Lithocarpus_corneus,Y,Lithocarpus,LP
LPcraibianus_P001_WB11_0,LPcraibianus_P001_WB11,Lithocarpus_craibianus,Y,Lithocarpus,LP
LPdealbatus_K003_WA06_0,LPdealbatus_K003_WA06,Lithocarpus_dealbatus,Y,Lithocarpus,LP
LPechinotholus_P001_WC01_0,LPechinotholus_P001_WC01,Lithocarpus_echinotholus,Y,Lithocarpus,LP
LPelaeagnifolius_P001_WC02_0,LPelaeagnifolius_P001_WC02,Lithocarpus_elaeagnifolius,Y,Lithocarpus,LP
LPewyckii_F104_WH03_0,LPewyckii_F104_WH03,Lithocarpus_ewyckii,Y,Lithocarpus,LP
LPfalconeri_F097_WF02_0,LPfalconeri_F097_WF02,Lithocarpus_falconeri,Y,Lithocarpus,LP
LPfarinulentus_K003_WC01_0,LPfarinulentus_K003_WC01,Lithocarpus_farinulentus,Y,Lithocarpus,LP
LPfenestratus_F039_WC02_0,LPfenestratus_F039_WC02,Lithocarpus_fenestratus,Y,Lithocarpus,LP
LPferrugineus_F104_WH02_0,LPferrugineus_F104_WH02,Lithocarpus_ferrugineus,Y,Lithocarpus,LP
LPfordianus_F097_WF06_0,LPfordianus_F097_WF06,Lithocarpus_fordianus,Y,Lithocarpus,LP
LPgarrettianus_F097_WG01_0,LPgarrettianus_F097_WG01,Lithocarpus_garrettianus,Y,Lithocarpus,LP
LPglaber_F098_WH04_0,LPglaber_F098_WH04,Lithocarpus_glaber,Y,Lithocarpus,LP
LPgracilis_F094_WG10_0,LPgracilis_F094_WG10,Lithocarpus_gracilis,Y,Lithocarpus,LP
LPhaipinii_U01_WG02_0,LPhaipinii_U01_WG02,Lithocarpus_haipinii,Y,Lithocarpus,LP
LPhancei_trans_A_0,LPhancei_trans_A,Lithocarpus_hancei,Y,Lithocarpus,LP
LPharlandii_F098_WA03_0,LPharlandii_F098_WA03,Lithocarpus_harlandii,Y,Lithocarpus,LP
LPhenryi_P020_WA08_0,LPhenryi_P020_WA08,Lithocarpus_henryi,Y,Lithocarpus,LP
LPimperialis_F076_WH12_0,LPimperialis_F076_WH12,Lithocarpus_imperialis,Y,Lithocarpus,LP
LPjavensis_F104_WH06_0,LPjavensis_F104_WH06,Lithocarpus_javensis,Y,Lithocarpus,LP
LPlaetus_P001_WC03_0,LPlaetus_P001_WC03,Lithocarpus_laetus,Y,Lithocarpus,LP
LPlauterbachii_F104_WH07_0,LPlauterbachii_F104_WH07,Lithocarpus_lauterbachii,Y,Lithocarpus,LP
LPlepidocarpus_F097_WG06_0,LPlepidocarpus_F097_WG06,Lithocarpus_lepidocarpus,Y,Lithocarpus,LP
LPlitseifolius_F116_WG10_0,LPlitseifolius_F116_WG10,Lithocarpus_litseifolius,Y,Lithocarpus,LP
LPmairei_P001_WC04_0,LPmairei_P001_WC04,Lithocarpus_mairei,Y,Lithocarpus,LP
LPmariae_F105_WA12_0,LPmariae_F105_WA12,Lithocarpus_mariae,Y,Lithocarpus,LP
LPmegacarpus_F104_WH05_0,LPmegacarpus_F104_WH05,Lithocarpus_megacarpus,Y,Lithocarpus,LP
LPmegalophyllus_F039_WC01_0,LPmegalophyllus_F039_WC01,Lithocarpus_megalophyllus,Y,Lithocarpus,LP
LPpapillifer_F008_WB09_0,LPpapillifer_F008_WB09,Lithocarpus_papillifer,Y,Lithocarpus,LP
LPplatycarpus_F104_WH01_0,LPplatycarpus_F104_WH01,Lithocarpus_platycarpus,Y,Lithocarpus,LP
LPpolystachyus_SRR10238508_A_0,LPpolystachyus_SRR10238508_A,Lithocarpus_polystachyus,Y,Lithocarpus,LP
LPpulcher_F114_WG04_0,LPpulcher_F114_WG04,Lithocarpus_pulcher,Y,Lithocarpus,LP
LPpycnostachys_F097_WF05_0,LPpycnostachys_F097_WF05,Lithocarpus_pycnostachys,Y,Lithocarpus,LP
LPrassa_F114_WB03_0,LPrassa_F114_WB03,Lithocarpus_rassa,Y,Lithocarpus,LP
LPreinwardtii_F097_WF07_0,LPreinwardtii_F097_WF07,Lithocarpus_reinwardtii,Y,Lithocarpus,LP
LPrevolutus_F115_WD12_0,LPrevolutus_F115_WD12,Lithocarpus_revolutus,Y,Lithocarpus,LP
LProtundatus_F114_WG08_0,LProtundatus_F114_WG08,Lithocarpus_rotundatus,Y,Lithocarpus,LP
LPsilvicolarum_P001_WC05_0,LPsilvicolarum_P001_WC05,Lithocarpus_silvicolarum,Y,Lithocarpus,LP
LPsolerianus_F112_WB03_0,LPsolerianus_F112_WB03,Lithocarpus_solerianus,Y,Lithocarpus,LP
LPtaitoensis_F118_WG03_0,LPtaitoensis_F118_WG03,Lithocarpus_taitoensis,Y,Lithocarpus,LP
LPvariolosus_U03_WH05_0,LPvariolosus_U03_WH05,Lithocarpus_variolosus,Y,Lithocarpus,LP
LPwrayi_F116_WG03_0,LPwrayi_F116_WG03,Lithocarpus_wrayi,Y,Lithocarpus,LP
NLdensiflorus_K003_WA07_0,NLdensiflorus_K003_WA07,Notholithocarpus_densiflorus,Y,Notholithocarpus,NL
CEacutissima_F087_WB04_A_0,CEacutissima_F087_WB04_A,Quercus_acutissima,Y,Quercus,CE
CEafares_P005_WC11_A_0,CEafares_P005_WC11_A,Quercus_afares,Y,Quercus,CE
CEcastaneifolia_P002_WC06_A_0,CEcastaneifolia_P002_WC06_A,Quercus_castaneifolia,Y,Quercus,CE
CEcerris_trans_A_0,CEcerris_trans_A,Quercus_cerris,Y,Quercus,CE
CEithaburensis_P002_WE12_A_0,CEithaburensis_P002_WE12_A,Quercus_ithaburensis,Y,Quercus,CE
CElibani_P004_WD10_A_0,CElibani_P004_WD10_A,Quercus_libani,Y,Quercus,CE
CEsuber_F079_WC02_A_0,CEsuber_F079_WC02_A,Quercus_suber,Y,Quercus,CE
CEtrojana_P002_WF07_A_0,CEtrojana_P002_WF07_A,Quercus_trojana,Y,Quercus,CE
CEvariabilis_trans_A_0,CEvariabilis_trans_A,Quercus_variabilis,Y,Quercus,CE
CYannulata_P030_WC01_A_0,CYannulata_P030_WC01_A,Quercus_annulata,Y,Quercus,CY
CYasymmetrica_P014_WG01_A_0,CYasymmetrica_P014_WG01_A,Quercus_asymmetrica,Y,Quercus,CY
CYaugustinii_P010_WE11_A_0,CYaugustinii_P010_WE11_A,Quercus_augustinii,Y,Quercus,CY
CYauricoma_F097_WH09_ANU_0,CYauricoma_F097_WH09_ANU,Quercus_auricoma,Y,Quercus,CY
CYaustrocochinchinensis_P001_WB05_A_0,CYaustrocochinchinensis_P001_WB05_A,Quercus_austrocochinchinensis,Y,Quercus,CY
CYchapensis_P010_WE04_A_0,CYchapensis_P010_WE04_A,Quercus_chapensis,Y,Quercus,CY
CYchevalieri_P003_WE03_A_0,CYchevalieri_P003_WE03_A,Quercus_chevalieri,Y,Quercus,CY
CYchrysotricha_P017_WB09_A_0,CYchrysotricha_P017_WB09_A,Quercus_chrysotricha,Y,Quercus,CY
CYchungii_P010_WC03_A_0,CYchungii_P010_WC03_A,Quercus_chungii,Y,Quercus,CY
CYciliaris_F039_WB10_SNP_0,CYciliaris_F039_WB10_SNP,Quercus_ciliaris,Y,Quercus,CY
CYdaimingshanensis_P003_WE02_A_0,CYdaimingshanensis_P003_WE02_A,Quercus_daimingshanensis,Y,Quercus,CY
CYdelavayi_F100_WA04_A_0,CYdelavayi_F100_WA04_A,Quercus_delavayi,Y,Quercus,CY
CYdisciformis_P001_WH01_A_0,CYdisciformis_P001_WH01_A,Quercus_disciformis,Y,Quercus,CY
CYedithiae_P010_WE12_A_0,CYedithiae_P010_WE12_A,Quercus_edithiae,Y,Quercus,CY
CYgaharuensis_P008_WG02_A_0,CYgaharuensis_P008_WG02_A,Quercus_gaharuensis,Y,Quercus,CY
CYgambleana_F100_WA07_A_0,CYgambleana_F100_WA07_A,Quercus_gambleana,Y,Quercus,CY
CYglauca_F098_WA02_A_0,CYglauca_F098_WA02_A,Quercus_glauca,Y,Quercus,CY
CYhelferiana_F118_WG08_A_0,CYhelferiana_F118_WG08_A,Quercus_helferiana,Y,Quercus,CY
CYhondae_P005_WD07_A_0,CYhondae_P005_WD07_A,Quercus_hondae,Y,Quercus,CY
CYhypargyrea_P010_WE06_ANP_0,CYhypargyrea_P010_WE06_ANP,Quercus_hypargyrea,Y,Quercus,CY
CYhypophaea_P004_WF06_A_0,CYhypophaea_P004_WF06_A,Quercus_hypophaea,Y,Quercus,CY
CYjenseniana_P011_WF06_A_0,CYjenseniana_P011_WF06_A,Quercus_jenseniana,Y,Quercus,CY
CYkinabaluensis_P002_WF02_A_0,CYkinabaluensis_P002_WF02_A,Quercus_kinabaluensis,Y,Quercus,CY
CYkouangsiensis_P001_WE08_A_0,CYkouangsiensis_P001_WE08_A,Quercus_kouangsiensis,Y,Quercus,CY
CYlineata_F105_WA04_A_0,CYlineata_F105_WA04_A,Quercus_lineata,Y,Quercus,CY
CYlitseoides_F086_WG09_A_0,CYlitseoides_F086_WG09_A,Quercus_litseoides,Y,Quercus,CY
CYlobbii_P004_WD03_A_0,CYlobbii_P004_WD03_A,Quercus_lobbii,Y,Quercus,CY
CYlonginux_U03_WC07_A_0,CYlonginux_U03_WC07_A,Quercus_longinux,Y,Quercus,CY
CYmeihuashanensis_P001_WE09_SNU_0,CYmeihuashanensis_P001_WE09_SNU,Quercus_meihuashanensis,Y,Quercus,CY
CYmerrillii_P005_WD01_A_0,CYmerrillii_P005_WD01_A,Quercus_merrillii,Y,Quercus,CY
CYmespilifolia_P005_WG09_A_0,CYmespilifolia_P005_WG09_A,Quercus_mespilifolia,Y,Quercus,CY
CYmorii_P010_WB12_A_0,CYmorii_P010_WB12_A,Quercus_morii,Y,Quercus,CY
CYmultinervis_F118_WG05_SNK_0,CYmultinervis_F118_WG05_SNK,Quercus_multinervis,Y,Quercus,CY
CYmyrsinifolia_F087_WB10_A_0,CYmyrsinifolia_F087_WB10_A,Quercus_myrsinifolia,Y,Quercus,CY
CYoidocarpa_P005_WB02_A_0,CYoidocarpa_P005_WB02_A,Quercus_oidocarpa,Y,Quercus,CY
CYoxyodon_F087_WB01_A_0,CYoxyodon_F087_WB01_A,Quercus_oxyodon,Y,Quercus,CY
CYpachyloma_P005_WG08_A_0,CYpachyloma_P005_WG08_A,Quercus_pachyloma,Y,Quercus,CY
CYpercoriacea_P005_WB03_A_0,CYpercoriacea_P005_WB03_A,Quercus_percoriacea,Y,Quercus,CY
CYphanera_P010_WC01_A_0,CYphanera_P010_WC01_A,Quercus_phanera,Y,Quercus,CY
CYpinbianensis_P001_WE12_SNS_0,CYpinbianensis_P001_WE12_SNS,Quercus_pinbianensis,Y,Quercus,CY
CYrex_P001_WD08_A_0,CYrex_P001_WD08_A,Quercus_rex,Y,Quercus,CY
CYsalicina_P011_WF11_A_0,CYsalicina_P011_WF11_A,Quercus_salicina,Y,Quercus,CY
CYschottkyana_F087_WB06_A_0,CYschottkyana_F087_WB06_A,Quercus_schottkyana,Y,Quercus,CY
CYsemiserrata_F086_WG12_A_0,CYsemiserrata_F086_WG12_A,Quercus_semiserrata,Y,Quercus,CY
CYsessilifolia_F079_WB10_A_0,CYsessilifolia_F079_WB10_A,Quercus_sessilifolia,Y,Quercus,CY
CYsichourensis_P001_WE10_A_0,CYsichourensis_P001_WE10_A,Quercus_sichourensis,Y,Quercus,CY
CYstenophylloides_P008_WA02_A_0,CYstenophylloides_P008_WA02_A,Quercus_stenophylloides,Y,Quercus,CY
CYstewardiana_F100_WA06_A_0,CYstewardiana_F100_WA06_A,Quercus_stewardiana,Y,Quercus,CY
CYthomsoniana_P005_WB01_A_0,CYthomsoniana_P005_WB01_A,Quercus_thomsoniana,Y,Quercus,CY
CYthorelii_P001_WD06_A_0,CYthorelii_P001_WD06_A,Quercus_thorelii,Y,Quercus,CY
CYtiaoloshanica_P001_WD07_A_0,CYtiaoloshanica_P001_WD07_A,Quercus_tiaoloshanica,Y,Quercus,CY
CYxanthoclada_P002_WF03_A_0,CYxanthoclada_P002_WF03_A,Quercus_xanthoclada,Y,Quercus,CY
CYxanthotricha_P017_WB06_A_0,CYxanthotricha_P017_WB06_A,Quercus_xanthotricha,Y,Quercus,CY
ILacrodonta_P005_WD08_A_0,ILacrodonta_P005_WD08_A,Quercus_acrodonta,Y,Quercus,IL
ILaquifolioides_F079_WB02_A_0,ILaquifolioides_F079_WB02_A,Quercus_aquifolioides,Y,Quercus,IL
ILbaloot_P001_WD05_A_0,ILbaloot_P001_WD05_A,Quercus_baloot,Y,Quercus,IL
ILbaronii_F086_WH02_A_0,ILbaronii_F086_WH02_A,Quercus_baronii,Y,Quercus,IL
ILcoccifera_F082_WB12_A_0,ILcoccifera_F082_WB12_A,Quercus_coccifera,Y,Quercus,IL
ILcocciferoides_F087_WB11_A_0,ILcocciferoides_F087_WB11_A,Quercus_cocciferoides,Y,Quercus,IL
ILdolicholepis_F086_WE12_A_0,ILdolicholepis_F086_WE12_A,Quercus_dolicholepis,Y,Quercus,IL
ILengleriana_F079_WC01_A_0,ILengleriana_F079_WC01_A,Quercus_engleriana,Y,Quercus,IL
ILfimbriata_P019_WG03_HN_0,ILfimbriata_P019_WG03_HN,Quercus_fimbriata,Y,Quercus,IL
ILfloribunda_P004_WC09_A_0,ILfloribunda_P004_WC09_A,Quercus_floribunda,Y,Quercus,IL
ILfranchetii_F086_WF06_A_0,ILfranchetii_F086_WF06_A,Quercus_franchetii,Y,Quercus,IL
ILgilliana_F086_WF01_SNK_0,ILgilliana_F086_WF01_SNK,Quercus_gilliana,Y,Quercus,IL
ILgracilis_P010_WF01_SNP_0,ILgracilis_P010_WF01_SNP,Quercus_gracilis,Y,Quercus,CY
ILguyavifolia_F086_WE06_A_0,ILguyavifolia_F086_WE06_A,Quercus_guyavifolia,Y,Quercus,IL
ILhandeliana_P001_WG10_SNS_0,ILhandeliana_P001_WG10_SNS,Quercus_handeliana,Y,Quercus,IL
ILilex_P009_WD07_A_0,ILilex_P009_WD07_A,Quercus_ilex,Y,Quercus,IL
ILlanata_P011_WB01_A_0,ILlanata_P011_WB01_A,Quercus_kerrii,Y,Quercus,CY
ILlodicosa_P019_WF02_A_0,ILlodicosa_P019_WF02_A,Quercus_lodicosa,Y,Quercus,IL
ILlongispica_P009_WC12_SNP_0,ILlongispica_P009_WC12_SNP,Quercus_longispica,Y,Quercus,IL
ILmarlipoensis_P003_WE07_SNP_0,ILmarlipoensis_P003_WE07_SNP,Quercus_marlipoensis,Y,Quercus,IL
ILpannosa_F079_WE02_A_0,ILpannosa_F079_WE02_A,Quercus_pannosa,Y,Quercus,IL
ILphillyreoides_F086_WG10_A_0,ILphillyreoides_F086_WG10_A,Quercus_phillyreoides,Y,Quercus,IL
ILpseudosemecarpifolia_P005_WG10_SNP_0,ILpseudosemecarpifolia_P005_WG10_SNP,Quercus_pseudosemecarpifolia,Y,Quercus,IL
ILrehderiana_F087_WB05_A_0,ILrehderiana_F087_WB05_A,Quercus_rehderiana,Y,Quercus,IL
ILrotundifolia_P010_WB09_SNS_0,ILrotundifolia_P010_WB09_SNS,Quercus_rotundifolia,Y,Quercus,IL
ILsemecarpifolia_F086_WF08_A_0,ILsemecarpifolia_F086_WF08_A,Quercus_semecarpifolia,Y,Quercus,IL
ILsenescens_F079_WG06_A_0,ILsenescens_F079_WG06_A,Quercus_senescens,Y,Quercus,IL
ILspinosa_P011_WF10_A_0,ILspinosa_P011_WF10_A,Quercus_spinosa,Y,Quercus,IL
ILtarokoensis_F079_WA12_A_0,ILtarokoensis_F079_WA12_A,Quercus_tarokoensis,Y,Quercus,IL
ILtungmaiensis_P003_WE04_SNS_0,ILtungmaiensis_P003_WE04_SNS,Quercus_tungmaiensis,Y,Quercus,IL
ILyiwuensis_P003_WE05_HN_0,ILyiwuensis_P003_WE05_HN,Quercus_yiwuensis,Y,Quercus,IL
LOacerifolia_P011_WH03_A_0,LOacerifolia_P011_WH03_A,Quercus_acerifolia,Y,Quercus,LO
LOacherdophylla_P009_WD01_A_0,LOacherdophylla_P009_WD01_A,Quercus_acherdophylla,Y,Quercus,LO
LOacutifolia_U02_WG09_A_0,LOacutifolia_U02_WG09_A,Quercus_acutifolia,Y,Quercus,LO
LOaffinis_F079_WB06_A_0,LOaffinis_F079_WB06_A,Quercus_affinis,Y,Quercus,LO
LOagrifolia_F087_WB08_A_0,LOagrifolia_F087_WB08_A,Quercus_agrifolia,Y,Quercus,LO
LOalbocincta_F087_WA04_A_0,LOalbocincta_F087_WA04_A,Quercus_albocincta,Y,Quercus,LO
LOarkansana_trans_A_0,LOarkansana_trans_A,Quercus_arkansana,Y,Quercus,LO
LObenthamii_trans_A_0,LObenthamii_trans_A,Quercus_benthamii,Y,Quercus,LO
LObuckleyi_P026_WB11_A_0,LObuckleyi_P026_WB11_A,Quercus_buckleyi,Y,Quercus,LO
LOcandicans_F087_WB03_A_0,LOcandicans_F087_WB03_A,Quercus_candicans,Y,Quercus,LO
LOcastanea_F079_WB07_A_0,LOcastanea_F079_WB07_A,Quercus_castanea,Y,Quercus,LO
LOcoahuilensis_P022_WH05_A_0,LOcoahuilensis_P022_WH05_A,Quercus_coahuilensis,Y,Quercus,LO
LOconspersa_F079_WG02_SP_0,LOconspersa_F079_WG02_SP,Quercus_conspersa,Y,Quercus,LO
LOconzattii_F087_WA03_ANP_0,LOconzattii_F087_WA03_ANP,Quercus_conzattii,Y,Quercus,LO
LOcortesii_F084_WH03_A_0,LOcortesii_F084_WH03_A,Quercus_cortesii,Y,Quercus,LO
LOcostaricensis_F086_WF07_A_0,LOcostaricensis_F086_WF07_A,Quercus_costaricensis,Y,Quercus,LO
LOcrassifolia_F101_WD12_A_0,LOcrassifolia_F101_WD12_A,Quercus_crassifolia,Y,Quercus,LO
LOcrassipes_F079_WC06_A_0,LOcrassipes_F079_WC06_A,Quercus_crassipes,Y,Quercus,LO
LOcrispifolia_F086_WG07_A_0,LOcrispifolia_F086_WG07_A,Quercus_crispifolia,Y,Quercus,LO
LOdepressa_F079_WE11_A_0,LOdepressa_F079_WE11_A,Quercus_depressa,Y,Quercus,LO
LOdevia_F086_WG08_A_0,LOdevia_F086_WG08_A,Quercus_devia,Y,Quercus,LO
LOduratifolia_P009_WG09_SS_0,LOduratifolia_P009_WG09_SS,Quercus_duratifolia,Y,Quercus,LO
LOdurifolia_F084_WG11_A_0,LOdurifolia_F084_WG11_A,Quercus_durifolia,Y,Quercus,LO
LOeduardii_F086_WH10_A_0,LOeduardii_F086_WH10_A,Quercus_eduardii,Y,Quercus,LO
LOellipsoidalis_F086_WE10_A_0,LOellipsoidalis_F086_WE10_A,Quercus_ellipsoidalis,Y,Quercus,LO
LOelliptica_K010_WH05_A_0,LOelliptica_K010_WH05_A,Quercus_elliptica,Y,Quercus,LO
LOemoryi_F001_WC12_A_0,LOemoryi_F001_WC12_A,Quercus_emoryi,Y,Quercus,LO
LOeugeniifolia_P012_WC09_SP_0,LOeugeniifolia_P012_WC09_SP,Quercus_eugeniifolia,Y,Quercus,LO
LOfalcata_trans_A_0,LOfalcata_trans_A,Quercus_falcata,Y,Quercus,LO
LOfulva_F079_WG07_A_0,LOfulva_F079_WG07_A,Quercus_fulva,Y,Quercus,LO
LOfurfuracea_P012_WD01_A_0,LOfurfuracea_P012_WD01_A,Quercus_furfuracea,Y,Quercus,LO
LOgaleanensis_P012_WC12_A_0,LOgaleanensis_P012_WC12_A,Quercus_galeanensis,Y,Quercus,LO
LOgentryi_F079_WC08_A_0,LOgentryi_F079_WC08_A,Quercus_gentryi,Y,Quercus,LO
LOgraciliformis_P012_WB07_SP_0,LOgraciliformis_P012_WB07_SP,Quercus_graciliformis,Y,Quercus,LO
LOgracilior_P011_WG09_A_0,LOgracilior_P011_WG09_A,Quercus_gracilior,Y,Quercus,LO
LOgrahamii_P011_WC11_A_0,LOgrahamii_P011_WC11_A,Quercus_grahamii,Y,Quercus,LO
LOgravesii_F086_WH05_A_0,LOgravesii_F086_WH05_A,Quercus_gravesii,Y,Quercus,LO
LOgulielmi_treleasei_P009_WD06_A_0,LOgulielmi_treleasei_P009_WD06_A,Quercus_gulielmi_treleasei,Y,Quercus,LO
LOhintonii_F086_WG05_A_0,LOhintonii_F086_WG05_A,Quercus_hintonii,Y,Quercus,LO
LOhintoniorum_P004_WD12_A_0,LOhintoniorum_P004_WD12_A,Quercus_hintoniorum,Y,Quercus,LO
LOhumboldtii_P004_WD04_A_0,LOhumboldtii_P004_WD04_A,Quercus_humboldtii,Y,Quercus,LO
LOhypoleucoides_F118_WE08_A_0,LOhypoleucoides_F118_WE08_A,Quercus_hypoleucoides,Y,Quercus,LO
LOhypoxantha_F084_WG03_A_0,LOhypoxantha_F084_WG03_A,Quercus_hypoxantha,Y,Quercus,LO
LOimbricaria_trans_A_0,LOimbricaria_trans_A,Quercus_imbricaria,Y,Quercus,LO
LOjonesii_F101_WD08_SNU_0,LOjonesii_F101_WD08_SNU,Quercus_jonesii,Y,Quercus,LO
LOknoblochii_P022_WG07_HN_0,LOknoblochii_P022_WG07_HN,Quercus_knoblochii,Y,Quercus,LO
LOlaurina_F087_WC01_A_0,LOlaurina_F087_WC01_A,Quercus_laurina,Y,Quercus,LO
LOmacvaughii_F079_WG04_A_0,LOmacvaughii_F079_WG04_A,Quercus_macvaughii,Y,Quercus,LO
LOmarilandica_trans_A_0,LOmarilandica_trans_A,Quercus_marilandica,Y,Quercus,LO
LOmexicana_F001_WD02_A_0,LOmexicana_F001_WD02_A,Quercus_mexicana,Y,Quercus,LO
LOmiquihuanensis_P002_WD01_A_0,LOmiquihuanensis_P002_WD01_A,Quercus_miquihuanensis,Y,Quercus,LO
LOnigra_trans_A_0,LOnigra_trans_A,Quercus_nigra,Y,Quercus,LO
LOnixoniana_P011_WE11_A_0,LOnixoniana_P011_WE11_A,Quercus_nixoniana,Y,Quercus,LO
LOocoteifolia_F087_WA01_A_0,LOocoteifolia_F087_WA01_A,Quercus_ocoteifolia,Y,Quercus,LO
LOpalustris_F079_WF02_A_0,LOpalustris_F079_WF02_A,Quercus_palustris,Y,Quercus,LO
LOpaxtalensis_P009_WG08_SNP_0,LOpaxtalensis_P009_WG08_SNP,Quercus_paxtalensis,Y,Quercus,LO
LOpeninsularis_F087_WB07_A_0,LOpeninsularis_F087_WB07_A,Quercus_peninsularis,Y,Quercus,LO
LOphellos_F079_WE12_A_0,LOphellos_F079_WE12_A,Quercus_phellos,Y,Quercus,LO
LOpinnativenulosa_P009_WB07_A_0,LOpinnativenulosa_P009_WB07_A,Quercus_pinnativenulosa,Y,Quercus,LO
LOplanipocula_F079_WG03_A_0,LOplanipocula_F079_WG03_A,Quercus_planipocula,Y,Quercus,LO
LOradiata_P011_WE09_A_0,LOradiata_P011_WE09_A,Quercus_radiata,Y,Quercus,LO
LOrapurahuensis_P011_WG12_SS_0,LOrapurahuensis_P011_WG12_SS,Quercus_rapurahuensis,Y,Quercus,LO
LOrubra_SRR1778919_A_0,LOrubra_SRR1778919_A,Quercus_rubra,Y,Quercus,LO
LOrysophylla_F087_WA11_A_0,LOrysophylla_F087_WA11_A,Quercus_rysophylla,Y,Quercus,LO
LOsalicifolia_F001_WD01_A_0,LOsalicifolia_F001_WD01_A,Quercus_salicifolia,Y,Quercus,LO
LOsaltilensis_F084_WG02_A_0,LOsaltilensis_F084_WG02_A,Quercus_saltillensis,Y,Quercus,LO
LOsapotifolia_F079_WF01_A_0,LOsapotifolia_F079_WF01_A,Quercus_sapotifolia,Y,Quercus,LO
LOsartorii_P009_WG10_ANP_0,LOsartorii_P009_WG10_ANP,Quercus_sartorii,Y,Quercus,LO
LOscythophylla_F079_WC12_A_0,LOscythophylla_F079_WC12_A,Quercus_scytophylla,Y,Quercus,LO
LOseemannii_F084_WH04_A_0,LOseemannii_F084_WH04_A,Quercus_seemannii,Y,Quercus,LO
LOshumardii_trans_A_0,LOshumardii_trans_A,Quercus_shumardii,Y,Quercus,LO
LOsideroxyla_F079_WE06_A_0,LOsideroxyla_F079_WE06_A,Quercus_sideroxyla,Y,Quercus,LO
LOskinneri_F079_WF12_A_0,LOskinneri_F079_WF12_A,Quercus_skinneri,Y,Quercus,LO
LOtarahumara_F079_WG05_A_0,LOtarahumara_F079_WG05_A,Quercus_tarahumara,Y,Quercus,LO
LOtridens_P004_WE06_SS_0,LOtridens_P004_WE06_SS,Quercus_tridens,Y,Quercus,LO
LOtrinitatis_P006_WH05_SP_0,LOtrinitatis_P006_WH05_SP,Quercus_trinitatis,Y,Quercus,LO
LOtristis_P009_WG12_SP_0,LOtristis_P009_WG12_SP,Quercus_tristis,Y,Quercus,LO
LOtuitensis_F079_WF08_A_0,LOtuitensis_F079_WF08_A,Quercus_tuitensis,Y,Quercus,LO
LOurbani_F079_WB05_A_0,LOurbani_F079_WB05_A,Quercus_urbanii,Y,Quercus,LO
LOuxoris_P010_WE08_A_0,LOuxoris_P010_WE08_A,Quercus_uxoris,Y,Quercus,LO
LOvelutina_trans_A_0,LOvelutina_trans_A,Quercus_velutina,Y,Quercus,LO
LOviminea_F087_WA05_A_0,LOviminea_F087_WA05_A,Quercus_viminea,Y,Quercus,LO
LOwislizeni_F079_WF10_A_0,LOwislizeni_F079_WF10_A,Quercus_wislizeni,Y,Quercus,LO
LOxalapensis_F086_WF05_A_0,LOxalapensis_F086_WF05_A,Quercus_xalapensis,Y,Quercus,LO
NNchasei_F087_WA12_SU_0,NNchasei_F087_WA12_SU,Quercus_chasei,Y,Quercus,LO
NNcubana_P002_WC07_AHN_0,NNcubana_P002_WC07_AHN,Quercus_cubana,Y,Quercus,VI
NNflocculenta_P018_WA07_A_0,NNflocculenta_P018_WA07_A,Quercus_flocculenta,Y,Quercus,LO
NNhinckleyi_P010_WC07_A_0,NNhinckleyi_P010_WC07_A,Quercus_hinckleyi,Y,Quercus,QU
NNmichauxii_trans_A_0,NNmichauxii_trans_A,Quercus_michauxii,Y,Quercus,QU
NNmiyagii_P004_WE12_A_0,NNmiyagii_P004_WE12_A,Quercus_miyagii,Y,Quercus,CY
NNmulleri_P017_WA12_SNS_0,NNmulleri_P017_WA12_SNS,Quercus_mulleri,Y,Quercus,LO
NNsplendens_F086_WH08_A_0,NNsplendens_F086_WH08_A,Quercus_splendens,Y,Quercus,QU
NNtinkhamii_P003_WG02_A_0,NNtinkhamii_P003_WG02_A,Quercus_tinkhamii,Y,Quercus,QU
NNwelshii_P002_WD02_A_0,NNwelshii_P002_WD02_A,Quercus_welshii,Y,Quercus,QU
POpontica_P002_WC09_A_0,POpontica_P002_WC09_A,Quercus_pontica,Y,Quercus,PO
POsadleriana_P009_WD05_A_0,POsadleriana_P009_WD05_A,Quercus_sadleriana,Y,Quercus,PO
PRcedrosensis_F086_WG11_A_0,PRcedrosensis_F086_WG11_A,Quercus_cedrosensis,Y,Quercus,PR
PRchrysolepis_trans_A_0,PRchrysolepis_trans_A,Quercus_chrysolepis,Y,Quercus,PR
PRpalmeri_P002_WC12_A_0,PRpalmeri_P002_WC12_A,Quercus_palmeri,Y,Quercus,PR
PRtomentella_F005_WH01_A_0,PRtomentella_F005_WH01_A,Quercus_tomentella,Y,Quercus,PR
PRvaccinifolia_P005_WB06_A_0,PRvaccinifolia_P005_WB06_A,Quercus_vaccinifolia,Y,Quercus,PR
QUajoensis_P011_WH01_A_0,QUajoensis_P011_WH01_A,Quercus_ajoensis,Y,Quercus,QU
QUalba_trans_A_0,QUalba_trans_A,Quercus_alba,Y,Quercus,QU
QUaliena_F086_WH11_A_0,QUaliena_F086_WH11_A,Quercus_aliena,Y,Quercus,QU
QUalveolata_P009_WG11_SP_0,QUalveolata_P009_WG11_SP,Quercus_alveolata,Y,Quercus,QU
QUarizonica_F084_WH05_A_0,QUarizonica_F084_WH05_A,Quercus_arizonica,Y,Quercus,QU
QUberberidifolia_F087_WA10_A_0,QUberberidifolia_F087_WA10_A,Quercus_berberidifolia,Y,Quercus,QU
QUbicolor_trans_A_0,QUbicolor_trans_A,Quercus_bicolor,Y,Quercus,QU
QUboyntonii_trans_A_0,QUboyntonii_trans_A,Quercus_boyntonii,Y,Quercus,QU
QUcanariensis_P002_WC10_A_0,QUcanariensis_P002_WC10_A,Quercus_canariensis,Y,Quercus,QU
QUcentralis_P011_WE01_SP_0,QUcentralis_P011_WE01_SP,Quercus_centralis,Y,Quercus,QU
QUchihuahuensis_K010_WC07_A_0,QUchihuahuensis_K010_WC07_A,Quercus_chihuahuensis,Y,Quercus,QU
QUcongesta_P017_WB04_A_0,QUcongesta_P017_WB04_A,Quercus_congesta,Y,Quercus,QU
QUconvallata_F101_WD11_A_0,QUconvallata_F101_WD11_A,Quercus_convallata,Y,Quercus,QU
QUcornelius_mulleri_F079_WD03_A_0,QUcornelius_mulleri_F079_WD03_A,Quercus_cornelius_mulleri,Y,Quercus,QU
QUcorrugata_P009_WF07_SP_0,QUcorrugata_P009_WF07_SP,Quercus_corrugata,Y,Quercus,QU
QUdentata_F086_WG03_A_0,QUdentata_F086_WG03_A,Quercus_dentata,Y,Quercus,QU
QUdepressipes_F079_WE05_A_0,QUdepressipes_F079_WE05_A,Quercus_depressipes,Y,Quercus,QU
QUdeserticola_F087_WC03_A_0,QUdeserticola_F087_WC03_A,Quercus_deserticola,Y,Quercus,QU
QUdiversifolia_F086_WF04_A_0,QUdiversifolia_F086_WF04_A,Quercus_diversifolia,Y,Quercus,QU
QUdouglasii_P004_WD11_A_0,QUdouglasii_P004_WD11_A,Quercus_douglasii,Y,Quercus,QU
QUdumosa_P010_WC12_A_0,QUdumosa_P010_WC12_A,Quercus_dumosa,Y,Quercus,QU
QUengelmannii_F079_WF11_A_0,QUengelmannii_F079_WF11_A,Quercus_engelmannii,Y,Quercus,QU
QUexcelsa_P010_WE07_SP_0,QUexcelsa_P010_WE07_SP,Quercus_excelsa,Y,Quercus,QU
QUfabrei_F086_WF02_A_0,QUfabrei_F086_WF02_A,Quercus_fabrei,Y,Quercus,QU
QUfaginea_P010_WC04_A_0,QUfaginea_P010_WC04_A,Quercus_faginea,Y,Quercus,QU
QUfrainetto_trans_A_0,QUfrainetto_trans_A,Quercus_frainetto,Y,Quercus,QU
QUfrutex_F086_WE08_A_0,QUfrutex_F086_WE08_A,Quercus_frutex,Y,Quercus,QU
QUgarryana_trans_A_0,QUgarryana_trans_A,Quercus_garryana,Y,Quercus,QU
QUgermana_F086_WF03_A_0,QUgermana_F086_WF03_A,Quercus_germana,Y,Quercus,QU
QUglabrescens_F079_WC09_A_0,QUglabrescens_F079_WC09_A,Quercus_glabrescens,Y,Quercus,QU
QUglaucescens_K010_WH06_A_0,QUglaucescens_K010_WH06_A,Quercus_glaucescens,Y,Quercus,QU
QUglaucoides_F086_WE11_A_0,QUglaucoides_F086_WE11_A,Quercus_glaucoides,Y,Quercus,QU
QUgreggii_F079_WF07_A_0,QUgreggii_F079_WF07_A,Quercus_greggii,Y,Quercus,QU
QUgriffithii_F086_WH03_A_0,QUgriffithii_F086_WH03_A,Quercus_griffithii,Y,Quercus,QU
QUgrisea_F086_WE07_A_0,QUgrisea_F086_WE07_A,Quercus_grisea,Y,Quercus,QU
QUhartwissiana_P002_WC08_A_0,QUhartwissiana_P002_WC08_A,Quercus_hartwissiana,Y,Quercus,QU
QUhavardii_P010_WE01_A_0,QUhavardii_P010_WE01_A,Quercus_havardii,Y,Quercus,QU
QUinfectoria_F101_WD03_A_0,QUinfectoria_F101_WD03_A,Quercus_infectoria,Y,Quercus,QU
QUinsignis_F086_WH07_A_0,QUinsignis_F086_WH07_A,Quercus_insignis,Y,Quercus,QU
QUintricata_F084_WG05_A_0,QUintricata_F084_WG05_A,Quercus_intricata,Y,Quercus,QU
QUinvaginata_F079_WE07_A_0,QUinvaginata_F079_WE07_A,Quercus_invaginata,Y,Quercus,QU
QUjohn_tuckeri_F086_WG02_SNP_0,QUjohn_tuckeri_F086_WG02_SNP,Quercus_john_tuckeri,Y,Quercus,QU
QUlaceyi_P011_WF09_A_0,QUlaceyi_P011_WF09_A,Quercus_laceyi,Y,Quercus,QU
QUlaeta_F086_WF12_A_0,QUlaeta_F086_WF12_A,Quercus_laeta,Y,Quercus,QU
QUlancifolia_F102_WA10_A_0,QUlancifolia_F102_WA10_A,Quercus_lancifolia,Y,Quercus,QU
QUlaxa_F087_WC02_SNU_0,QUlaxa_F087_WC02_SNU,Quercus_laxa,Y,Quercus,QU
QUleiophylla_F101_WD09_A_0,QUleiophylla_F101_WD09_A,Quercus_leiophylla,Y,Quercus,QU
QUliebmanii_F079_WE03_A_0,QUliebmanii_F079_WE03_A,Quercus_liebmanii,Y,Quercus,QU
QUlobata_P010_WE03_A_0,QUlobata_P010_WE03_A,Quercus_lobata,Y,Quercus,QU
QUlusitanica_P017_WB10_SNU_0,QUlusitanica_P017_WB10_SNU,Quercus_lusitanica,Y,Quercus,QU
QUlyrata_trans_A_0,QUlyrata_trans_A,Quercus_lyrata,Y,Quercus,QU
QUmacdougallii_F086_WH09_A_0,QUmacdougallii_F086_WH09_A,Quercus_macdougallii,Y,Quercus,QU
QUmacranthera_F086_WE09_A_0,QUmacranthera_F086_WE09_A,Quercus_macranthera,Y,Quercus,QU
QUmacrocarpa_trans_A_0,QUmacrocarpa_trans_A,Quercus_macrocarpa,Y,Quercus,QU
QUmagnoliifolia_F079_WE10_A_0,QUmagnoliifolia_F079_WE10_A,Quercus_magnoliifolia,Y,Quercus,QU
QUmargarettae_P019_WE01_SNS_0,QUmargarettae_P019_WE01_SNS,Quercus_margarettae,Y,Quercus,QU
QUmartinezii_P011_WF12_A_0,QUmartinezii_P011_WF12_A,Quercus_martinezii,Y,Quercus,QU
QUmicrophylla_F084_WG07_A_0,QUmicrophylla_F084_WG07_A,Quercus_microphylla,Y,Quercus,QU
QUmohriana_F087_WB02_A_0,QUmohriana_F087_WB02_A,Quercus_mohriana,Y,Quercus,QU
QUmongolica_F087_WC06_A_0,QUmongolica_F087_WC06_A,Quercus_mongolica,Y,Quercus,QU
QUmontana_trans_A_0,QUmontana_trans_A,Quercus_montana,Y,Quercus,QU
QUmuehlenbergii_trans_A_0,QUmuehlenbergii_trans_A,Quercus_muehlenbergii,Y,Quercus,QU
QUoblongifolia_F079_WF04_A_0,QUoblongifolia_F079_WF04_A,Quercus_oblongifolia,Y,Quercus,QU
QUobtusata_F101_WD07_A_0,QUobtusata_F101_WD07_A,Quercus_obtusata,Y,Quercus,QU
QUoglethorpensis_P008_WF03_A_0,QUoglethorpensis_P008_WF03_A,Quercus_oglethorpensis,Y,Quercus,QU
QUoocarpa_P009_WH03_A_0,QUoocarpa_P009_WH03_A,Quercus_oocarpa,Y,Quercus,QU
QUopaca_P022_WG04_A_0,QUopaca_P022_WG04_A,Quercus_opaca,Y,Quercus,QU
QUpacifica_F079_WF06_A_0,QUpacifica_F079_WF06_A,Quercus_pacifica,Y,Quercus,QU
QUpeduncularis_F087_WA07_A_0,QUpeduncularis_F087_WA07_A,Quercus_peduncularis,Y,Quercus,QU
QUperpallida_P009_WB08_A_0,QUperpallida_P009_WB08_A,Quercus_perpallida,Y,Quercus,QU
QUpetraea_F102_WA06_A_0,QUpetraea_F102_WA06_A,Quercus_petraea,Y,Quercus,QU
QUpilicaulis_P017_WB03_SP_0,QUpilicaulis_P017_WB03_SP,Quercus_pilicaulis,Y,Quercus,QU
QUpolymorpha_F101_WF12_A_0,QUpolymorpha_F101_WF12_A,Quercus_polymorpha,Y,Quercus,QU
QUpotosina_F087_WA08_A_0,QUpotosina_F087_WA08_A,Quercus_potosina,Y,Quercus,QU
QUpraeco_F079_WE09_A_0,QUpraeco_F079_WE09_A,Quercus_praeco,Y,Quercus,QU
QUprinoides_P008_WF02_A_0,QUprinoides_P008_WF02_A,Quercus_prinoides,Y,Quercus,QU
QUprinopsis_P003_WG05_SP_0,QUprinopsis_P003_WG05_SP,Quercus_prinopsis,Y,Quercus,QU
QUpubescens_P011_WF08_A_0,QUpubescens_P011_WF08_A,Quercus_pubescens,Y,Quercus,QU
QUpungens_F101_WD10_A_0,QUpungens_F101_WD10_A,Quercus_pungens,Y,Quercus,QU
QUpurulhana_K010_WC08_A_0,QUpurulhana_K010_WC08_A,Quercus_purulhana,Y,Quercus,QU
QUpyrenaica_P009_WB11_A_0,QUpyrenaica_P009_WB11_A,Quercus_pyrenaica,Y,Quercus,QU
QUrekonis_F086_WE05_A_0,QUrekonis_F086_WE05_A,Quercus_rekonis,Y,Quercus,QU
QUrepanda_F087_WA02_A_0,QUrepanda_F087_WA02_A,Quercus_repanda,Y,Quercus,QU
QUresinosa_F079_WE04_A_0,QUresinosa_F079_WE04_A,Quercus_resinosa,Y,Quercus,QU
QUrobur_F079_WC04_A_0,QUrobur_F079_WC04_A,Quercus_robur,Y,Quercus,QU
QUrugosa_F084_WG01_A_0,QUrugosa_F084_WG01_A,Quercus_rugosa,Y,Quercus,QU
QUschenkiana_P004_WE05_SP_0,QUschenkiana_P004_WE05_SP,Quercus_schenkiana,Y,Quercus,QU
QUsegoviensis_K001_WA08_A_0,QUsegoviensis_K001_WA08_A,Quercus_segoviensis,Y,Quercus,QU
QUserrata_F079_WC07_A_0,QUserrata_F079_WC07_A,Quercus_serrata,Y,Quercus,QU
QUsimilis_P009_WD03_A_0,QUsimilis_P009_WD03_A,Quercus_similis,Y,Quercus,QU
QUsinuata_P002_WD03_A_0,QUsinuata_P002_WD03_A,Quercus_sinuata,Y,Quercus,QU
QUstellata_trans_A_0,QUstellata_trans_A,Quercus_stellata,Y,Quercus,QU
QUstriatula_F118_WF01_A_0,QUstriatula_F118_WF01_A,Quercus_striatula,Y,Quercus,QU
QUtoumeyi_F079_WG01_A_0,QUtoumeyi_F079_WG01_A,Quercus_toumeyi,Y,Quercus,QU
QUtoxicodendrifolia_P010_WD05_ANP_0,QUtoxicodendrifolia_P010_WD05_ANP,Quercus_toxicodendrifolia,Y,Quercus,QU
QUtransmontana_P010_WB11_SP_0,QUtransmontana_P010_WB11_SP,Quercus_transmontana,Y,Quercus,QU
QUtuberculata_F079_WC03_A_0,QUtuberculata_F079_WC03_A,Quercus_tuberculata,Y,Quercus,QU
QUturbinella_F079_WB01_A_0,QUturbinella_F079_WB01_A,Quercus_turbinella,Y,Quercus,QU
QUvaseyana_P002_WC11_A_0,QUvaseyana_P002_WC11_A,Quercus_vaseyana,Y,Quercus,QU
QUvicentensis_F087_WB12_A_0,QUvicentensis_F087_WB12_A,Quercus_vicentensis,Y,Quercus,QU
QUwutaishanica_F079_WE08_ANP_0,QUwutaishanica_F079_WE08_ANP,Quercus_wutaishanica,Y,Quercus,QU
VIbrandegeei_F087_WC05_A_0,VIbrandegeei_F087_WC05_A,Quercus_brandegeei,Y,Quercus,VI
VIfusiformis_F079_WB09_A_0,VIfusiformis_F079_WB09_A,Quercus_fusiformis,Y,Quercus,VI
VIgeminata_F086_WG06_A_0,VIgeminata_F086_WG06_A,Quercus_geminata,Y,Quercus,VI
VIoleoides_F101_WD06_A_0,VIoleoides_F101_WD06_A,Quercus_oleoides,Y,Quercus,VI
VIvirginiana_trans_A_0,VIvirginiana_trans_A,Quercus_virginiana,Y,Quercus,VI
TRdoichangensis_trans_0,TRdoichangensis_trans,Trigonobalanus_doichangensis,Y,Trigonobalanus,TR
TRexcelsa_F118_WF02_0,TRexcelsa_F118_WF02,Trigonobalanus_excelsa,Y,Trigonobalanus,TR
*Antiquacupula_sulcata_84.275,*Antiquacupula_sulcata,*Antiquacupula_sulcata,Y,,
*Castanea_fujiyamae_42.9,*Castanea_fujiyamae,*Castanea_fujiyamae,Y,Castanea,CT
*Castaneoidea_puryearensis_42.9,*Castaneoidea_puryearensis,*Castaneoidea_puryearensis,Y,Castanea,CT
*Castanopsis_changchangensis_42.9,*Castanopsis_changchangensis,*Castanopsis_changchangensis,Y,Castanopsis,CP
*Castanopsis_crepetii_48.32,*Castanopsis_crepetii,*Castanopsis_crepetii,Y,Castanopsis,CP
*Castanopsis_elisabethae_12.809,*Castanopsis_elisabethae,*Castanopsis_elisabethae,Y,Castanopsis,CP
*Castanopsis_pliovariabilis_12.809,*Castanopsis_pliovariabilis,*Castanopsis_pliovariabilis,Y,Castanopsis,CP
*Castanopsis_rothwellii_52.2,*Castanopsis_rothwellii,*Castanopsis_rothwellii,Y,,
*Castanopsis_salinarum_44.95,*Castanopsis_salinarum,*Castanopsis_salinarum,Y,Castanopsis,CP
*Castanopsis_tanaii_35.95,*Castanopsis_tanaii,*Castanopsis_tanaii,Y,Castanopsis,CP
*Castanopsoidea_columbiana_56,*Castanopsoidea_columbiana,*Castanopsoidea_columbiana,Y,,
*Chrysolepis_chrysophylloides_44.95,*Chrysolepis_chrysophylloides,*Chrysolepis_chrysophylloides,Y,Chrysolepis,CH
*Eotrigonobalanus_81.5,*Eotrigonobalanus,*Eotrigonobalanus,Y,,
*Fagopsis_longifolia_34.07,*Fagopsis_longifolia,*Fagopsis_longifolia,Y,,
*Fagopsis_primorica_31,*Fagopsis_primorica,*Fagopsis_primorica,Y,,
*Fagus_altaensis_14.165,*Fagus_altaensis,*Fagus_altaensis,Y,Fagus,FA
*Fagus_attenuata_28.465,*Fagus_attenuata,*Fagus_attenuata,Y,Fagus,FA
*Fagus_castaneifolia_31,*Fagus_castaneifolia,*Fagus_castaneifolia,Y,Fagus,FA
*Fagus_gussonii_13.795,*Fagus_gussonii,*Fagus_gussonii,Y,Fagus,FA
*Fagus_kitamiensis_31,*Fagus_kitamiensis,*Fagus_kitamiensis,Y,Fagus,FA
*Fagus_langevinii_50,*Fagus_langevinii,*Fagus_langevinii,Y,Fagus,FA
*Fagus_napanensis_37.5,*Fagus_napanensis,*Fagus_napanensis,Y,Fagus,FA
*Fagus_pacifica_32.9,*Fagus_pacifica,*Fagus_pacifica,Y,Fagus,FA
*Fagus_saxonica_25.565,*Fagus_saxonica,*Fagus_saxonica,Y,Fagus,FA
*Lithocarpus_cf._corneus_31,*Lithocarpus_cf._corneus,*Lithocarpus_cf._corneus,Y,Lithocarpus,LP
*Lithocarpus_changchangensis_43,*Lithocarpus_changchangensis,*Lithocarpus_changchangensis,Y,Lithocarpus,LP
*Lithocarpus_matsumotoi_35.95,*Lithocarpus_matsumotoi,*Lithocarpus_matsumotoi,Y,Lithocarpus,LP
*Lithocarpus_sp._Colorado_44.95,*Lithocarpus_sp._Colorado,*Lithocarpus_sp._Colorado,Y,Lithocarpus,LP
*Lithocarpus_timensis_35.95,*Lithocarpus_timensis,*Lithocarpus_timensis,Y,Lithocarpus,LP
*Notholithocarpus_weidei_28.465,*Notholithocarpus_weidei,*Notholithocarpus_weidei,Y,Notholithocarpus,NL
*Protofagacea_allonensis_84.275,*Protofagacea_allonensis,*Protofagacea_allonensis,Y,,
*Quercus_alexeevii_31,*Quercus_alexeevii,*Quercus_alexeevii,Y,Quercus,CE
*Quercus_cerverensis_31,*Quercus_cerverensis,*Quercus_cerverensis,Y,Quercus,CE
*Quercus_cf._pliovariabilis_8.4765,*Quercus_cf._pliovariabilis,*Quercus_cf._pliovariabilis,Y,Quercus,CE
*Quercus_gracilis_31,*Quercus_gracilis,*Quercus_gracilis,Y,Quercus,CE
*Quercus_sosnowskyi_19.625,*Quercus_sosnowskyi,*Quercus_sosnowskyi,Y,Quercus,CE
*Quercus_sp._Jilin_42.9,*Quercus_sp._Jilin,*Quercus_sp._Jilin,Y,Quercus,CE
*Quercus_ussuriensis_32.45,*Quercus_ussuriensis,*Quercus_ussuriensis,Y,Quercus,CE
*Quercus_abchasica_8.4765,*Quercus_abchasica,*Quercus_abchasica,Y,Quercus,CY
*Quercus_changchangensis_43,*Quercus_changchangensis,*Quercus_changchangensis,Y,Quercus,CY
*Quercus_naitoi_40.475,*Quercus_naitoi,*Quercus_naitoi,Y,Quercus,CY
*Quercus_nanningensis_25.565,*Quercus_nanningensis,*Quercus_nanningensis,Y,Quercus,CY
*Quercus_paleocarpa_48.32,*Quercus_paleocarpa,*Quercus_paleocarpa,Y,Quercus,CY
*Quercus_subhercynica_42.9,*Quercus_subhercynica,*Quercus_subhercynica,Y,Quercus,CY
*Quercus_tibetensis_34.6,*Quercus_tibetensis,*Quercus_tibetensis,Y,Quercus,CY
*Quercus_aff._acrodonta_5.332,*Quercus_aff._acrodonta,*Quercus_aff._acrodonta,Y,Quercus,IL
*Quercus_cf._presenescens_34.6,*Quercus_cf._presenescens,*Quercus_cf._presenescens,Y,Quercus,IL
*Quercus_drymeja_31,*Quercus_drymeja,*Quercus_drymeja,Y,Quercus,IL
*Quercus_koraika_19.5,*Quercus_koraika,*Quercus_koraika,Y,Quercus,IL
*Quercus_lanpingensis_3.094,*Quercus_lanpingensis,*Quercus_lanpingensis,Y,Quercus,IL
*Quercus_mediterranea_31,*Quercus_mediterranea,*Quercus_mediterranea,Y,Quercus,IL
*Quercus_mutilatifolia_8.4765,*Quercus_mutilatifolia,*Quercus_mutilatifolia,Y,Quercus,IL
*Quercus_aimeeana_35.85,*Quercus_aimeeana,*Quercus_aimeeana,Y,Quercus,LO
*Quercus_lyellii_8.4765,*Quercus_lyellii,*Quercus_lyellii,Y,Quercus,LO
*Quercus_neriifolia_35.95,*Quercus_neriifolia,*Quercus_neriifolia,Y,Quercus,LO
*Quercus_peritula_44.95,*Quercus_peritula,*Quercus_peritula,Y,Quercus,LO
*Quercus_pseudolyrata_31,*Quercus_pseudolyrata,*Quercus_pseudolyrata,Y,Quercus,LO
*Quercus_brachyandra_35.85,*Quercus_brachyandra,*Quercus_brachyandra,Y,Quercus,PR
*Quercus_predayana_44.95,*Quercus_predayana,*Quercus_predayana,Y,Quercus,PR
*Quercus_cardanii_5.332,*Quercus_cardanii,*Quercus_cardanii,Y,Quercus,QU
*Quercus_cf._praemongolica_35.95,*Quercus_cf._praemongolica,*Quercus_cf._praemongolica,Y,Quercus,QU
*Quercus_paleoserrata_31,*Quercus_paleoserrata,*Quercus_paleoserrata,Y,Quercus,QU
*Quercus_sp._US188_5894_45,*Quercus_sp._US188_5894,*Quercus_sp._US188_5894,Y,Quercus,QU
*Trigonobalanoid_sp._Samland_35.85,*Trigonobalanoid_sp._Samland,*Trigonobalanoid_sp._Samland,Y,Trigonobalanus,TR
*Trigonobalanoidea_americana_56,*Trigonobalanoidea_americana,*Trigonobalanoidea_americana,Y,Trigonobalanus,TR
*Trigonobalanus_succinea_44.95,*Trigonobalanus_succinea,*Trigonobalanus_succinea,Y,Trigonobalanus,TR
CYpentacycla_P001_WE11_A_0,CYpentacycla_P001_WE11_A,Quercus_pentacycla,N,Quercus,CY
CYsemiserratoides_P011_WH02_A_0,CYsemiserratoides_P011_WH02_A,Quercus_semiserratoides,N,Quercus,CY
ILkongshanensis_P001_WG09_SNP_0,ILkongshanensis_P001_WG09_SNP,Quercus_kongshanensis,N,Quercus,IL
LOcualensis_F086_WG01_A_0,LOcualensis_F086_WG01_A,Quercus_cualensis,N,Quercus,LO
LOfloccosa_P022_WH04_A_0,LOfloccosa_P022_WH04_A,Quercus_floccosa,N,Quercus,LO
LOrugulosa_P003_WG04_SS_0,LOrugulosa_P003_WG04_SS,Quercus_rugulosa,N,Quercus,LO
LOtardifolia_P011_WG06_A_0,LOtardifolia_P011_WG06_A,Quercus_tardifolia,N,Quercus,LO
LOtonduzii_P017_WB02_ANP_0,LOtonduzii_P017_WB02_ANP,Quercus_tonduzii,N,Quercus,LO
LOvexans_P028_WF04_SP_0,LOvexans_P028_WF04_SP,Quercus_vexans,N,Quercus,LO
NNcarmenensis_P026_WC01_A_0,NNcarmenensis_P026_WC01_A,Quercus_carmenensis,N,Quercus,QU
NNliaoi_P002_WF06_A_0,NNliaoi_P002_WF06_A,Quercus_liaoi,N,Quercus,CY
NNlowilliamsii_P017_WB01_SP_0,NNlowilliamsii_P017_WB01_SP,Quercus_lowilliamsii,N,Quercus,LO
NNsanchezcolinii_P003_WG03_AHN_0,NNsanchezcolinii_P003_WG03_AHN,Quercus_sanchezcolinii,N,Quercus,QU
QUverde_P028_WF03_A_0,QUverde_P028_WF03_A,Quercus_verde,N,Quercus,QU
